cMVAv2;OperatingPoint, measurementType, sysType, jetFlavor, etaMin, etaMax, ptMin, ptMax, discrMin, discrMax, formula 
0, ttbar, central, 1, -2.4, 2.4, 30, 600, 0, 1, "0.976111+(-(4.37632e-05*x))" 
0, ttbar, central, 0, -2.4, 2.4, 30, 600, 0, 1, "0.976111+(-(4.37632e-05*x))" 
0, ttbar, down, 1, -2.4, 2.4, 30, 50, 0, 1, "0.976111+((-(4.37632e-05*x))-0.040088377892971039)" 
0, ttbar, down, 1, -2.4, 2.4, 50, 70, 0, 1, "0.976111+((-(4.37632e-05*x))-0.031489051878452301)" 
0, ttbar, down, 1, -2.4, 2.4, 70, 100, 0, 1, "0.976111+((-(4.37632e-05*x))-0.029133280739188194)" 
0, ttbar, down, 1, -2.4, 2.4, 100, 140, 0, 1, "0.976111+((-(4.37632e-05*x))-0.026893073692917824)" 
0, ttbar, down, 1, -2.4, 2.4, 140, 200, 0, 1, "0.976111+((-(4.37632e-05*x))-0.028560897335410118)" 
0, ttbar, down, 1, -2.4, 2.4, 200, 300, 0, 1, "0.976111+((-(4.37632e-05*x))-0.037686444818973541)" 
0, ttbar, down, 1, -2.4, 2.4, 300, 600, 0, 1, "0.976111+((-(4.37632e-05*x))-0.10688923299312592)" 
0, ttbar, down, 0, -2.4, 2.4, 30, 50, 0, 1, "0.976111+((-(4.37632e-05*x))-0.016035351902246475)" 
0, ttbar, down, 0, -2.4, 2.4, 50, 70, 0, 1, "0.976111+((-(4.37632e-05*x))-0.012595620006322861)" 
0, ttbar, down, 0, -2.4, 2.4, 70, 100, 0, 1, "0.976111+((-(4.37632e-05*x))-0.011653312481939793)" 
0, ttbar, down, 0, -2.4, 2.4, 100, 140, 0, 1, "0.976111+((-(4.37632e-05*x))-0.010757229290902615)" 
0, ttbar, down, 0, -2.4, 2.4, 140, 200, 0, 1, "0.976111+((-(4.37632e-05*x))-0.011424358934164047)" 
0, ttbar, down, 0, -2.4, 2.4, 200, 300, 0, 1, "0.976111+((-(4.37632e-05*x))-0.015074577182531357)" 
0, ttbar, down, 0, -2.4, 2.4, 300, 600, 0, 1, "0.976111+((-(4.37632e-05*x))-0.042755693197250366)" 
0, ttbar, up, 1, -2.4, 2.4, 30, 50, 0, 1, "(0.976111+(-(4.37632e-05*x)))+0.040088377892971039" 
0, ttbar, up, 1, -2.4, 2.4, 50, 70, 0, 1, "(0.976111+(-(4.37632e-05*x)))+0.031489051878452301" 
0, ttbar, up, 1, -2.4, 2.4, 70, 100, 0, 1, "(0.976111+(-(4.37632e-05*x)))+0.029133280739188194" 
0, ttbar, up, 1, -2.4, 2.4, 100, 140, 0, 1, "(0.976111+(-(4.37632e-05*x)))+0.026893073692917824" 
0, ttbar, up, 1, -2.4, 2.4, 140, 200, 0, 1, "(0.976111+(-(4.37632e-05*x)))+0.028560897335410118" 
0, ttbar, up, 1, -2.4, 2.4, 200, 300, 0, 1, "(0.976111+(-(4.37632e-05*x)))+0.037686444818973541" 
0, ttbar, up, 1, -2.4, 2.4, 300, 600, 0, 1, "(0.976111+(-(4.37632e-05*x)))+0.10688923299312592" 
0, ttbar, up, 0, -2.4, 2.4, 30, 50, 0, 1, "(0.976111+(-(4.37632e-05*x)))+0.016035351902246475" 
0, ttbar, up, 0, -2.4, 2.4, 50, 70, 0, 1, "(0.976111+(-(4.37632e-05*x)))+0.012595620006322861" 
0, ttbar, up, 0, -2.4, 2.4, 70, 100, 0, 1, "(0.976111+(-(4.37632e-05*x)))+0.011653312481939793" 
0, ttbar, up, 0, -2.4, 2.4, 100, 140, 0, 1, "(0.976111+(-(4.37632e-05*x)))+0.010757229290902615" 
0, ttbar, up, 0, -2.4, 2.4, 140, 200, 0, 1, "(0.976111+(-(4.37632e-05*x)))+0.011424358934164047" 
0, ttbar, up, 0, -2.4, 2.4, 200, 300, 0, 1, "(0.976111+(-(4.37632e-05*x)))+0.015074577182531357" 
0, ttbar, up, 0, -2.4, 2.4, 300, 600, 0, 1, "(0.976111+(-(4.37632e-05*x)))+0.042755693197250366" 
1, ttbar, central, 1, -2.4, 2.4, 30, 600, 0, 1, "0.600657*((1.+(0.753343*x))/(1.+(0.472587*x)))" 
1, ttbar, central, 0, -2.4, 2.4, 30, 600, 0, 1, "0.600657*((1.+(0.753343*x))/(1.+(0.472587*x)))" 
1, ttbar, down, 1, -2.4, 2.4, 30, 50, 0, 1, "(0.600657*((1.+(0.753343*x))/(1.+(0.472587*x))))-0.050325162708759308" 
1, ttbar, down, 1, -2.4, 2.4, 50, 70, 0, 1, "(0.600657*((1.+(0.753343*x))/(1.+(0.472587*x))))-0.040184732526540756" 
1, ttbar, down, 1, -2.4, 2.4, 70, 100, 0, 1, "(0.600657*((1.+(0.753343*x))/(1.+(0.472587*x))))-0.038563620299100876" 
1, ttbar, down, 1, -2.4, 2.4, 100, 140, 0, 1, "(0.600657*((1.+(0.753343*x))/(1.+(0.472587*x))))-0.035585206001996994" 
1, ttbar, down, 1, -2.4, 2.4, 140, 200, 0, 1, "(0.600657*((1.+(0.753343*x))/(1.+(0.472587*x))))-0.036252163350582123" 
1, ttbar, down, 1, -2.4, 2.4, 200, 300, 0, 1, "(0.600657*((1.+(0.753343*x))/(1.+(0.472587*x))))-0.050993449985980988" 
1, ttbar, down, 1, -2.4, 2.4, 300, 600, 0, 1, "(0.600657*((1.+(0.753343*x))/(1.+(0.472587*x))))-0.20449219644069672" 
1, ttbar, down, 0, -2.4, 2.4, 30, 50, 0, 1, "(0.600657*((1.+(0.753343*x))/(1.+(0.472587*x))))-0.016775054857134819" 
1, ttbar, down, 0, -2.4, 2.4, 50, 70, 0, 1, "(0.600657*((1.+(0.753343*x))/(1.+(0.472587*x))))-0.013394910842180252" 
1, ttbar, down, 0, -2.4, 2.4, 70, 100, 0, 1, "(0.600657*((1.+(0.753343*x))/(1.+(0.472587*x))))-0.012854539789259434" 
1, ttbar, down, 0, -2.4, 2.4, 100, 140, 0, 1, "(0.600657*((1.+(0.753343*x))/(1.+(0.472587*x))))-0.01186173502355814" 
1, ttbar, down, 0, -2.4, 2.4, 140, 200, 0, 1, "(0.600657*((1.+(0.753343*x))/(1.+(0.472587*x))))-0.012084054760634899" 
1, ttbar, down, 0, -2.4, 2.4, 200, 300, 0, 1, "(0.600657*((1.+(0.753343*x))/(1.+(0.472587*x))))-0.016997816041111946" 
1, ttbar, down, 0, -2.4, 2.4, 300, 600, 0, 1, "(0.600657*((1.+(0.753343*x))/(1.+(0.472587*x))))-0.068164065480232239" 
1, ttbar, up, 1, -2.4, 2.4, 30, 50, 0, 1, "(0.600657*((1.+(0.753343*x))/(1.+(0.472587*x))))+0.050325162708759308" 
1, ttbar, up, 1, -2.4, 2.4, 50, 70, 0, 1, "(0.600657*((1.+(0.753343*x))/(1.+(0.472587*x))))+0.040184732526540756" 
1, ttbar, up, 1, -2.4, 2.4, 70, 100, 0, 1, "(0.600657*((1.+(0.753343*x))/(1.+(0.472587*x))))+0.038563620299100876" 
1, ttbar, up, 1, -2.4, 2.4, 100, 140, 0, 1, "(0.600657*((1.+(0.753343*x))/(1.+(0.472587*x))))+0.035585206001996994" 
1, ttbar, up, 1, -2.4, 2.4, 140, 200, 0, 1, "(0.600657*((1.+(0.753343*x))/(1.+(0.472587*x))))+0.036252163350582123" 
1, ttbar, up, 1, -2.4, 2.4, 200, 300, 0, 1, "(0.600657*((1.+(0.753343*x))/(1.+(0.472587*x))))+0.050993449985980988" 
1, ttbar, up, 1, -2.4, 2.4, 300, 600, 0, 1, "(0.600657*((1.+(0.753343*x))/(1.+(0.472587*x))))+0.20449219644069672" 
1, ttbar, up, 0, -2.4, 2.4, 30, 50, 0, 1, "(0.600657*((1.+(0.753343*x))/(1.+(0.472587*x))))+0.016775054857134819" 
1, ttbar, up, 0, -2.4, 2.4, 50, 70, 0, 1, "(0.600657*((1.+(0.753343*x))/(1.+(0.472587*x))))+0.013394910842180252" 
1, ttbar, up, 0, -2.4, 2.4, 70, 100, 0, 1, "(0.600657*((1.+(0.753343*x))/(1.+(0.472587*x))))+0.012854539789259434" 
1, ttbar, up, 0, -2.4, 2.4, 100, 140, 0, 1, "(0.600657*((1.+(0.753343*x))/(1.+(0.472587*x))))+0.01186173502355814" 
1, ttbar, up, 0, -2.4, 2.4, 140, 200, 0, 1, "(0.600657*((1.+(0.753343*x))/(1.+(0.472587*x))))+0.012084054760634899" 
1, ttbar, up, 0, -2.4, 2.4, 200, 300, 0, 1, "(0.600657*((1.+(0.753343*x))/(1.+(0.472587*x))))+0.016997816041111946" 
1, ttbar, up, 0, -2.4, 2.4, 300, 600, 0, 1, "(0.600657*((1.+(0.753343*x))/(1.+(0.472587*x))))+0.068164065480232239" 
2, ttbar, central, 1, -2.4, 2.4, 30, 600, 0, 1, "0.517971*((1.+(0.332528*x))/(1.+(0.174914*x)))" 
2, ttbar, central, 0, -2.4, 2.4, 30, 600, 0, 1, "0.517971*((1.+(0.332528*x))/(1.+(0.174914*x)))" 
2, ttbar, down, 1, -2.4, 2.4, 30, 50, 0, 1, "(0.517971*((1.+(0.332528*x))/(1.+(0.174914*x))))-0.066097885370254517" 
2, ttbar, down, 1, -2.4, 2.4, 50, 70, 0, 1, "(0.517971*((1.+(0.332528*x))/(1.+(0.174914*x))))-0.051307562738656998" 
2, ttbar, down, 1, -2.4, 2.4, 70, 100, 0, 1, "(0.517971*((1.+(0.332528*x))/(1.+(0.174914*x))))-0.047675304114818573" 
2, ttbar, down, 1, -2.4, 2.4, 100, 140, 0, 1, "(0.517971*((1.+(0.332528*x))/(1.+(0.174914*x))))-0.045250937342643738" 
2, ttbar, down, 1, -2.4, 2.4, 140, 200, 0, 1, "(0.517971*((1.+(0.332528*x))/(1.+(0.174914*x))))-0.057451527565717697" 
2, ttbar, down, 1, -2.4, 2.4, 200, 300, 0, 1, "(0.517971*((1.+(0.332528*x))/(1.+(0.174914*x))))-0.080152168869972229" 
2, ttbar, down, 1, -2.4, 2.4, 300, 600, 0, 1, "(0.517971*((1.+(0.332528*x))/(1.+(0.174914*x))))-0.32850414514541626" 
2, ttbar, down, 0, -2.4, 2.4, 30, 50, 0, 1, "(0.517971*((1.+(0.332528*x))/(1.+(0.174914*x))))-0.018885109573602676" 
2, ttbar, down, 0, -2.4, 2.4, 50, 70, 0, 1, "(0.517971*((1.+(0.332528*x))/(1.+(0.174914*x))))-0.014659303240478039" 
2, ttbar, down, 0, -2.4, 2.4, 70, 100, 0, 1, "(0.517971*((1.+(0.332528*x))/(1.+(0.174914*x))))-0.013621515594422817" 
2, ttbar, down, 0, -2.4, 2.4, 100, 140, 0, 1, "(0.517971*((1.+(0.332528*x))/(1.+(0.174914*x))))-0.012928839772939682" 
2, ttbar, down, 0, -2.4, 2.4, 140, 200, 0, 1, "(0.517971*((1.+(0.332528*x))/(1.+(0.174914*x))))-0.016414722427725792" 
2, ttbar, down, 0, -2.4, 2.4, 200, 300, 0, 1, "(0.517971*((1.+(0.332528*x))/(1.+(0.174914*x))))-0.022900618612766266" 
2, ttbar, down, 0, -2.4, 2.4, 300, 600, 0, 1, "(0.517971*((1.+(0.332528*x))/(1.+(0.174914*x))))-0.093858323991298676" 
2, ttbar, up, 1, -2.4, 2.4, 30, 50, 0, 1, "(0.517971*((1.+(0.332528*x))/(1.+(0.174914*x))))+0.066097885370254517" 
2, ttbar, up, 1, -2.4, 2.4, 50, 70, 0, 1, "(0.517971*((1.+(0.332528*x))/(1.+(0.174914*x))))+0.051307562738656998" 
2, ttbar, up, 1, -2.4, 2.4, 70, 100, 0, 1, "(0.517971*((1.+(0.332528*x))/(1.+(0.174914*x))))+0.047675304114818573" 
2, ttbar, up, 1, -2.4, 2.4, 100, 140, 0, 1, "(0.517971*((1.+(0.332528*x))/(1.+(0.174914*x))))+0.045250937342643738" 
2, ttbar, up, 1, -2.4, 2.4, 140, 200, 0, 1, "(0.517971*((1.+(0.332528*x))/(1.+(0.174914*x))))+0.057451527565717697" 
2, ttbar, up, 1, -2.4, 2.4, 200, 300, 0, 1, "(0.517971*((1.+(0.332528*x))/(1.+(0.174914*x))))+0.080152168869972229" 
2, ttbar, up, 1, -2.4, 2.4, 300, 600, 0, 1, "(0.517971*((1.+(0.332528*x))/(1.+(0.174914*x))))+0.32850414514541626" 
2, ttbar, up, 0, -2.4, 2.4, 30, 50, 0, 1, "(0.517971*((1.+(0.332528*x))/(1.+(0.174914*x))))+0.018885109573602676" 
2, ttbar, up, 0, -2.4, 2.4, 50, 70, 0, 1, "(0.517971*((1.+(0.332528*x))/(1.+(0.174914*x))))+0.014659303240478039" 
2, ttbar, up, 0, -2.4, 2.4, 70, 100, 0, 1, "(0.517971*((1.+(0.332528*x))/(1.+(0.174914*x))))+0.013621515594422817" 
2, ttbar, up, 0, -2.4, 2.4, 100, 140, 0, 1, "(0.517971*((1.+(0.332528*x))/(1.+(0.174914*x))))+0.012928839772939682" 
2, ttbar, up, 0, -2.4, 2.4, 140, 200, 0, 1, "(0.517971*((1.+(0.332528*x))/(1.+(0.174914*x))))+0.016414722427725792" 
2, ttbar, up, 0, -2.4, 2.4, 200, 300, 0, 1, "(0.517971*((1.+(0.332528*x))/(1.+(0.174914*x))))+0.022900618612766266" 
2, ttbar, up, 0, -2.4, 2.4, 300, 600, 0, 1, "(0.517971*((1.+(0.332528*x))/(1.+(0.174914*x))))+0.093858323991298676" 
0, incl, central, 2, 0, 2.4, 20, 1000, 0, 1, "0.945437+0.000448019*x+-2.37485e-07*x*x+3.48797/x" 
0, incl, down, 2, 0, 2.4, 20, 1000, 0, 1, "(0.945437+0.000448019*x+-2.37485e-07*x*x+3.48797/x)*(1-(0.0546383+2.1606e-05*x+-3.0679e-08*x*x))" 
0, incl, down_correlated, 2, 0, 2.4, 20, 1000, 0, 1, "(0.945437+0.000448019*x+-2.37485e-07*x*x+3.48797/x)*(1-(0.0419514+2.70554e-05*x+-3.84515e-08*x*x))" 
0, incl, down_uncorrelated, 2, 0, 2.4, 20, 1000, 0, 1, "(0.945437+0.000448019*x+-2.37485e-07*x*x+3.48797/x)*(1-(0.0348707))" 
0, incl, up, 2, 0, 2.4, 20, 1000, 0, 1, "(0.945437+0.000448019*x+-2.37485e-07*x*x+3.48797/x)*(1+(0.0546383+2.1606e-05*x+-3.0679e-08*x*x))" 
0, incl, up_correlated, 2, 0, 2.4, 20, 1000, 0, 1, "(0.945437+0.000448019*x+-2.37485e-07*x*x+3.48797/x)*(1+(0.0419514+2.70554e-05*x+-3.84515e-08*x*x))" 
0, incl, up_uncorrelated, 2, 0, 2.4, 20, 1000, 0, 1, "(0.945437+0.000448019*x+-2.37485e-07*x*x+3.48797/x)*(1+(0.0348707))" 
1, incl, central, 2, 0, 2.4, 20, 1000, 0, 1, "1.11046+-0.00042021*x+1.48012e-06*x*x+-8.44735e-10*x*x*x" 
1, incl, down, 2, 0, 2.4, 20, 1000, 0, 1, "(1.11046+-0.00042021*x+1.48012e-06*x*x+-8.44735e-10*x*x*x)*(1-(0.109917+1.3062e-05*x+-1.85613e-08*x*x))" 
1, incl, down_correlated, 2, 0, 2.4, 20, 1000, 0, 1, "(1.11046+-0.00042021*x+1.48012e-06*x*x+-8.44735e-10*x*x*x)*(1-(0.0835874+1.04246e-05*x+-1.97072e-08*x*x))" 
1, incl, down_uncorrelated, 2, 0, 2.4, 20, 1000, 0, 1, "(1.11046+-0.00042021*x+1.48012e-06*x*x+-8.44735e-10*x*x*x)*(1-(0.0739671))" 
1, incl, up, 2, 0, 2.4, 20, 1000, 0, 1, "(1.11046+-0.00042021*x+1.48012e-06*x*x+-8.44735e-10*x*x*x)*(1+(0.109917+1.3062e-05*x+-1.85613e-08*x*x))" 
1, incl, up_correlated, 2, 0, 2.4, 20, 1000, 0, 1, "(1.11046+-0.00042021*x+1.48012e-06*x*x+-8.44735e-10*x*x*x)*(1+(0.0835874+1.04246e-05*x+-1.97072e-08*x*x))" 
1, incl, up_uncorrelated, 2, 0, 2.4, 20, 1000, 0, 1, "(1.11046+-0.00042021*x+1.48012e-06*x*x+-8.44735e-10*x*x*x)*(1+(0.0739671))" 
2, incl, central, 2, 0, 2.4, 20, 1000, 0, 1, "0.985864+122.8/(x*x)+0.000416939*x" 
2, incl, down, 2, 0, 2.4, 20, 1000, 0, 1, "(0.985864+122.8/(x*x)+0.000416939*x)*(1-(0.253674+-0.000127486*x+8.91567e-08*x*x))" 
2, incl, down_correlated, 2, 0, 2.4, 20, 1000, 0, 1, "(0.985864+122.8/(x*x)+0.000416939*x)*(1-(0.182557+-0.000191116*x+1.28751e-07*x*x))" 
2, incl, down_uncorrelated, 2, 0, 2.4, 20, 1000, 0, 1, "(0.985864+122.8/(x*x)+0.000416939*x)*(1-(0.177346))" 
2, incl, up, 2, 0, 2.4, 20, 1000, 0, 1, "(0.985864+122.8/(x*x)+0.000416939*x)*(1+(0.253674+-0.000127486*x+8.91567e-08*x*x))" 
2, incl, up_correlated, 2, 0, 2.4, 20, 1000, 0, 1, "(0.985864+122.8/(x*x)+0.000416939*x)*(1+(0.182557+-0.000191116*x+1.28751e-07*x*x))" 
2, incl, up_uncorrelated, 2, 0, 2.4, 20, 1000, 0, 1, "(0.985864+122.8/(x*x)+0.000416939*x)*(1+(0.177346))" 
3, iterativefit, central, 1, 0.0, 2.4, 20.0, 10000, -15, 1.1, "1.0"
3, iterativefit, central, 0, 0.0, 2.4, 20, 30, -1.1, -0.90455, "1.12866"
3, iterativefit, central, 0, 0.0, 2.4, 20, 30, -0.90455, -0.69375, "1.31595+0.215412*x"
3, iterativefit, central, 0, 0.0, 2.4, 20, 30, -0.69375, -0.50235, "0.910784+-0.368616*x"
3, iterativefit, central, 0, 0.0, 2.4, 20, 30, -0.50235, -0.33035, "1.15547+0.118465*x"
3, iterativefit, central, 0, 0.0, 2.4, 20, 30, -0.33035, -0.15845, "0.950126+-0.503127*x"
3, iterativefit, central, 0, 0.0, 2.4, 20, 30, -0.15845, 0.01345, "1.1261+0.60747*x"
3, iterativefit, central, 0, 0.0, 2.4, 20, 30, 0.01345, 0.18535, "1.14505+-0.801122*x"
3, iterativefit, central, 0, 0.0, 2.4, 20, 30, 0.18535, 0.35725, "1.06396+-0.363656*x"
3, iterativefit, central, 0, 0.0, 2.4, 20, 30, 0.35725, 0.4932, "0.917864+0.0452925*x"
3, iterativefit, central, 0, 0.0, 2.4, 20, 30, 0.4932, 0.5932, "0.769251+0.346617*x"
3, iterativefit, central, 0, 0.0, 2.4, 20, 30, 0.5932, 0.6932, "0.739343+0.397036*x"
3, iterativefit, central, 0, 0.0, 2.4, 20, 30, 0.6932, 0.7932, "1.66763+-0.9421*x"
3, iterativefit, central, 0, 0.0, 2.4, 20, 30, 0.7932, 0.8932, "0.935658+-0.0192884*x"
3, iterativefit, central, 0, 0.0, 2.4, 20, 30, 0.8932, 0.9498, "0.406246+0.573424*x"
3, iterativefit, central, 0, 0.0, 2.4, 20, 30, 0.9498, 0.9631, "5.13085+-4.40089*x"
3, iterativefit, central, 0, 0.0, 2.4, 20, 30, 0.9631, 0.9765, "-2.61249+3.63913*x"
3, iterativefit, central, 0, 0.0, 2.4, 20, 30, 0.9765, 0.9899, "6.25779+-5.44462*x"
3, iterativefit, central, 0, 0.0, 2.4, 20, 30, 0.9899, 1.0033, "2.09662+-1.241*x"
3, iterativefit, central, 0, 0.0, 2.4, 20, 30, 1.0033, 1.1, "0.85727"
3, iterativefit, up_jes, 0, 0.0, 2.4, 20, 30, -1.1, -0.90455, "0.778528"
3, iterativefit, up_jes, 0, 0.0, 2.4, 20, 30, -0.90455, -0.69375, "2.46471+1.86995*x"
3, iterativefit, up_jes, 0, 0.0, 2.4, 20, 30, -0.69375, -0.50235, "1.18714+0.0284016*x"
3, iterativefit, up_jes, 0, 0.0, 2.4, 20, 30, -0.50235, -0.33035, "0.899852+-0.543492*x"
3, iterativefit, up_jes, 0, 0.0, 2.4, 20, 30, -0.33035, -0.15845, "0.846975+-0.703556*x"
3, iterativefit, up_jes, 0, 0.0, 2.4, 20, 30, -0.15845, 0.01345, "1.16253+1.28799*x"
3, iterativefit, up_jes, 0, 0.0, 2.4, 20, 30, 0.01345, 0.18535, "1.18889+-0.671263*x"
3, iterativefit, up_jes, 0, 0.0, 2.4, 20, 30, 0.18535, 0.35725, "1.14432+-0.430803*x"
3, iterativefit, up_jes, 0, 0.0, 2.4, 20, 30, 0.35725, 0.4932, "0.928494+0.173322*x"
3, iterativefit, up_jes, 0, 0.0, 2.4, 20, 30, 0.4932, 0.5932, "0.9455+0.13884*x"
3, iterativefit, up_jes, 0, 0.0, 2.4, 20, 30, 0.5932, 0.6932, "0.743585+0.479224*x"
3, iterativefit, up_jes, 0, 0.0, 2.4, 20, 30, 0.6932, 0.7932, "1.60286+-0.760361*x"
3, iterativefit, up_jes, 0, 0.0, 2.4, 20, 30, 0.7932, 0.8932, "0.856619+0.180444*x"
3, iterativefit, up_jes, 0, 0.0, 2.4, 20, 30, 0.8932, 0.9498, "0.13298+0.990607*x"
3, iterativefit, up_jes, 0, 0.0, 2.4, 20, 30, 0.9498, 0.9631, "5.57199+-4.73587*x"
3, iterativefit, up_jes, 0, 0.0, 2.4, 20, 30, 0.9631, 0.9765, "-3.25388+4.42815*x"
3, iterativefit, up_jes, 0, 0.0, 2.4, 20, 30, 0.9765, 0.9899, "8.62369+-7.73526*x"
3, iterativefit, up_jes, 0, 0.0, 2.4, 20, 30, 0.9899, 1.0033, "-0.883694+1.86913*x"
3, iterativefit, up_jes, 0, 0.0, 2.4, 20, 30, 1.0033, 1.1, "0.998366"
3, iterativefit, down_jes, 0, 0.0, 2.4, 20, 30, -1.1, -0.90455, "1.4536"
3, iterativefit, down_jes, 0, 0.0, 2.4, 20, 30, -0.90455, -0.69375, "0.0389516+-1.55365*x"
3, iterativefit, down_jes, 0, 0.0, 2.4, 20, 30, -0.69375, -0.50235, "0.953548+-0.23531*x"
3, iterativefit, down_jes, 0, 0.0, 2.4, 20, 30, -0.50235, -0.33035, "1.18916+0.233701*x"
3, iterativefit, down_jes, 0, 0.0, 2.4, 20, 30, -0.33035, -0.15845, "1.04541+-0.201441*x"
3, iterativefit, down_jes, 0, 0.0, 2.4, 20, 30, -0.15845, 0.01345, "1.06995+-0.046515*x"
3, iterativefit, down_jes, 0, 0.0, 2.4, 20, 30, 0.01345, 0.18535, "1.0761+-0.503374*x"
3, iterativefit, down_jes, 0, 0.0, 2.4, 20, 30, 0.18535, 0.35725, "1.09267+-0.592782*x"
3, iterativefit, down_jes, 0, 0.0, 2.4, 20, 30, 0.35725, 0.4932, "0.826231+0.153025*x"
3, iterativefit, down_jes, 0, 0.0, 2.4, 20, 30, 0.4932, 0.5932, "0.53404+0.745466*x"
3, iterativefit, down_jes, 0, 0.0, 2.4, 20, 30, 0.5932, 0.6932, "1.13788+-0.27248*x"
3, iterativefit, down_jes, 0, 0.0, 2.4, 20, 30, 0.6932, 0.7932, "1.34599+-0.572683*x"
3, iterativefit, down_jes, 0, 0.0, 2.4, 20, 30, 0.7932, 0.8932, "1.26286+-0.467883*x"
3, iterativefit, down_jes, 0, 0.0, 2.4, 20, 30, 0.8932, 0.9498, "0.798349+0.0521682*x"
3, iterativefit, down_jes, 0, 0.0, 2.4, 20, 30, 0.9498, 0.9631, "2.19345+-1.41667*x"
3, iterativefit, down_jes, 0, 0.0, 2.4, 20, 30, 0.9631, 0.9765, "-1.21195+2.1192*x"
3, iterativefit, down_jes, 0, 0.0, 2.4, 20, 30, 0.9765, 0.9899, "5.18799+-4.43475*x"
3, iterativefit, down_jes, 0, 0.0, 2.4, 20, 30, 0.9899, 1.0033, "4.57832+-3.81886*x"
3, iterativefit, down_jes, 0, 0.0, 2.4, 20, 30, 1.0033, 1.1, "0.751665"
3, iterativefit, up_lf, 0, 0.0, 2.4, 20, 30, -1.1, -0.90455, "0.116253"
3, iterativefit, up_lf, 0, 0.0, 2.4, 20, 30, -0.90455, -0.69375, "4.44684+4.75854*x"
3, iterativefit, up_lf, 0, 0.0, 2.4, 20, 30, -0.69375, -0.50235, "1.31955+0.250722*x"
3, iterativefit, up_lf, 0, 0.0, 2.4, 20, 30, -0.50235, -0.33035, "1.45798+0.526304*x"
3, iterativefit, up_lf, 0, 0.0, 2.4, 20, 30, -0.33035, -0.15845, "1.09066+-0.585628*x"
3, iterativefit, up_lf, 0, 0.0, 2.4, 20, 30, -0.15845, 0.01345, "1.3419+1.00001*x"
3, iterativefit, up_lf, 0, 0.0, 2.4, 20, 30, 0.01345, 0.18535, "1.36704+-0.868791*x"
3, iterativefit, up_lf, 0, 0.0, 2.4, 20, 30, 0.18535, 0.35725, "1.2788+-0.392721*x"
3, iterativefit, up_lf, 0, 0.0, 2.4, 20, 30, 0.35725, 0.4932, "1.10228+0.101388*x"
3, iterativefit, up_lf, 0, 0.0, 2.4, 20, 30, 0.4932, 0.5932, "0.880395+0.551272*x"
3, iterativefit, up_lf, 0, 0.0, 2.4, 20, 30, 0.5932, 0.6932, "0.847473+0.606772*x"
3, iterativefit, up_lf, 0, 0.0, 2.4, 20, 30, 0.6932, 0.7932, "2.05885+-1.14074*x"
3, iterativefit, up_lf, 0, 0.0, 2.4, 20, 30, 0.7932, 0.8932, "1.11159+0.0534791*x"
3, iterativefit, up_lf, 0, 0.0, 2.4, 20, 30, 0.8932, 0.9498, "0.425816+0.821254*x"
3, iterativefit, up_lf, 0, 0.0, 2.4, 20, 30, 0.9498, 0.9631, "6.50091+-5.57493*x"
3, iterativefit, up_lf, 0, 0.0, 2.4, 20, 30, 0.9631, 0.9765, "-3.33957+4.64258*x"
3, iterativefit, up_lf, 0, 0.0, 2.4, 20, 30, 0.9765, 0.9899, "7.95491+-6.92371*x"
3, iterativefit, up_lf, 0, 0.0, 2.4, 20, 30, 0.9899, 1.0033, "2.56562+-1.47943*x"
3, iterativefit, up_lf, 0, 0.0, 2.4, 20, 30, 1.0033, 1.1, "0.882092"
3, iterativefit, down_lf, 0, 0.0, 2.4, 20, 30, -1.1, -0.90455, "1.12409"
3, iterativefit, down_lf, 0, 0.0, 2.4, 20, 30, -0.90455, -0.69375, "0.794623+-0.540626*x"
3, iterativefit, down_lf, 0, 0.0, 2.4, 20, 30, -0.69375, -0.50235, "0.842525+-0.471577*x"
3, iterativefit, down_lf, 0, 0.0, 2.4, 20, 30, -0.50235, -0.33035, "1.10483+0.0505694*x"
3, iterativefit, down_lf, 0, 0.0, 2.4, 20, 30, -0.33035, -0.15845, "0.926491+-0.489266*x"
3, iterativefit, down_lf, 0, 0.0, 2.4, 20, 30, -0.15845, 0.01345, "1.08989+0.541991*x"
3, iterativefit, down_lf, 0, 0.0, 2.4, 20, 30, 0.01345, 0.18535, "1.1078+-0.789651*x"
3, iterativefit, down_lf, 0, 0.0, 2.4, 20, 30, 0.18535, 0.35725, "1.02793+-0.358724*x"
3, iterativefit, down_lf, 0, 0.0, 2.4, 20, 30, 0.35725, 0.4932, "0.886936+0.0359463*x"
3, iterativefit, down_lf, 0, 0.0, 2.4, 20, 30, 0.4932, 0.5932, "0.750554+0.31247*x"
3, iterativefit, down_lf, 0, 0.0, 2.4, 20, 30, 0.5932, 0.6932, "0.721155+0.362031*x"
3, iterativefit, down_lf, 0, 0.0, 2.4, 20, 30, 0.6932, 0.7932, "1.60209+-0.908797*x"
3, iterativefit, down_lf, 0, 0.0, 2.4, 20, 30, 0.7932, 0.8932, "0.906135+-0.031392*x"
3, iterativefit, down_lf, 0, 0.0, 2.4, 20, 30, 0.8932, 0.9498, "0.402883+0.532034*x"
3, iterativefit, down_lf, 0, 0.0, 2.4, 20, 30, 0.9498, 0.9631, "4.90152+-4.20437*x"
3, iterativefit, down_lf, 0, 0.0, 2.4, 20, 30, 0.9631, 0.9765, "-2.49081+3.47119*x"
3, iterativefit, down_lf, 0, 0.0, 2.4, 20, 30, 0.9765, 0.9899, "5.97373+-5.19706*x"
3, iterativefit, down_lf, 0, 0.0, 2.4, 20, 30, 0.9899, 1.0033, "2.01803+-1.20099*x"
3, iterativefit, down_lf, 0, 0.0, 2.4, 20, 30, 1.0033, 1.1, "0.712009"
3, iterativefit, up_hfstats1, 0, 0.0, 2.4, 20, 30, -1.1, -0.90455, "1.18495"
3, iterativefit, up_hfstats1, 0, 0.0, 2.4, 20, 30, -0.90455, -0.69375, "1.2975+0.133552*x"
3, iterativefit, up_hfstats1, 0, 0.0, 2.4, 20, 30, -0.69375, -0.50235, "0.920668+-0.409623*x"
3, iterativefit, up_hfstats1, 0, 0.0, 2.4, 20, 30, -0.50235, -0.33035, "1.15473+0.056309*x"
3, iterativefit, up_hfstats1, 0, 0.0, 2.4, 20, 30, -0.33035, -0.15845, "0.950858+-0.560829*x"
3, iterativefit, up_hfstats1, 0, 0.0, 2.4, 20, 30, -0.15845, 0.01345, "1.12771+0.555292*x"
3, iterativefit, up_hfstats1, 0, 0.0, 2.4, 20, 30, 0.01345, 0.18535, "1.1466+-0.849638*x"
3, iterativefit, up_hfstats1, 0, 0.0, 2.4, 20, 30, 0.18535, 0.35725, "1.0655+-0.412083*x"
3, iterativefit, up_hfstats1, 0, 0.0, 2.4, 20, 30, 0.35725, 0.4932, "0.934328+-0.0449056*x"
3, iterativefit, up_hfstats1, 0, 0.0, 2.4, 20, 30, 0.4932, 0.5932, "0.739088+0.350958*x"
3, iterativefit, up_hfstats1, 0, 0.0, 2.4, 20, 30, 0.5932, 0.6932, "0.719311+0.384298*x"
3, iterativefit, up_hfstats1, 0, 0.0, 2.4, 20, 30, 0.6932, 0.7932, "1.63939+-0.942994*x"
3, iterativefit, up_hfstats1, 0, 0.0, 2.4, 20, 30, 0.7932, 0.8932, "0.873762+0.0222453*x"
3, iterativefit, up_hfstats1, 0, 0.0, 2.4, 20, 30, 0.8932, 0.9498, "0.833188+0.0676711*x"
3, iterativefit, up_hfstats1, 0, 0.0, 2.4, 20, 30, 0.9498, 0.9631, "4.45608+-3.7467*x"
3, iterativefit, up_hfstats1, 0, 0.0, 2.4, 20, 30, 0.9631, 0.9765, "-3.0135+4.00907*x"
3, iterativefit, up_hfstats1, 0, 0.0, 2.4, 20, 30, 0.9765, 0.9899, "5.12458+-4.32486*x"
3, iterativefit, up_hfstats1, 0, 0.0, 2.4, 20, 30, 0.9899, 1.0033, "1.56889+-0.73289*x"
3, iterativefit, up_hfstats1, 0, 0.0, 2.4, 20, 30, 1.0033, 1.1, "0.839426"
3, iterativefit, down_hfstats1, 0, 0.0, 2.4, 20, 30, -1.1, -0.90455, "1.07251"
3, iterativefit, down_hfstats1, 0, 0.0, 2.4, 20, 30, -0.90455, -0.69375, "1.33435+0.297109*x"
3, iterativefit, down_hfstats1, 0, 0.0, 2.4, 20, 30, -0.69375, -0.50235, "0.900898+-0.32768*x"
3, iterativefit, down_hfstats1, 0, 0.0, 2.4, 20, 30, -0.50235, -0.33035, "1.15618+0.180499*x"
3, iterativefit, down_hfstats1, 0, 0.0, 2.4, 20, 30, -0.33035, -0.15845, "0.949374+-0.445526*x"
3, iterativefit, down_hfstats1, 0, 0.0, 2.4, 20, 30, -0.15845, 0.01345, "1.12447+0.659533*x"
3, iterativefit, down_hfstats1, 0, 0.0, 2.4, 20, 30, 0.01345, 0.18535, "1.14347+-0.752682*x"
3, iterativefit, down_hfstats1, 0, 0.0, 2.4, 20, 30, 0.18535, 0.35725, "1.0624+-0.315316*x"
3, iterativefit, down_hfstats1, 0, 0.0, 2.4, 20, 30, 0.35725, 0.4932, "0.901412+0.135315*x"
3, iterativefit, down_hfstats1, 0, 0.0, 2.4, 20, 30, 0.4932, 0.5932, "0.799339+0.342276*x"
3, iterativefit, down_hfstats1, 0, 0.0, 2.4, 20, 30, 0.5932, 0.6932, "0.759319+0.40974*x"
3, iterativefit, down_hfstats1, 0, 0.0, 2.4, 20, 30, 0.6932, 0.7932, "1.69578+-0.941187*x"
3, iterativefit, down_hfstats1, 0, 0.0, 2.4, 20, 30, 0.7932, 0.8932, "0.997412+-0.0607412*x"
3, iterativefit, down_hfstats1, 0, 0.0, 2.4, 20, 30, 0.8932, 0.9498, "-0.0198758+1.07818*x"
3, iterativefit, down_hfstats1, 0, 0.0, 2.4, 20, 30, 0.9498, 0.9631, "5.8042+-5.05371*x"
3, iterativefit, down_hfstats1, 0, 0.0, 2.4, 20, 30, 0.9631, 0.9765, "-2.2122+3.26982*x"
3, iterativefit, down_hfstats1, 0, 0.0, 2.4, 20, 30, 0.9765, 0.9899, "7.38866+-6.56208*x"
3, iterativefit, down_hfstats1, 0, 0.0, 2.4, 20, 30, 0.9899, 1.0033, "2.62329+-1.74809*x"
3, iterativefit, down_hfstats1, 0, 0.0, 2.4, 20, 30, 1.0033, 1.1, "0.875071"
3, iterativefit, up_hfstats2, 0, 0.0, 2.4, 20, 30, -1.1, -0.90455, "1.08672"
3, iterativefit, up_hfstats2, 0, 0.0, 2.4, 20, 30, -0.904, -0.90455, "1.08672"